slip_angle_deg,slip_angle_rad,normalized_fy
-3.000000000000000000e+01,-5.235987755982988157e-01,9.580989347889686814e-01
-2.994000000000000128e+01,-5.225515780471022831e-01,9.583076735051307971e-01
-2.987999999999999901e+01,-5.215043804959056395e-01,9.585171312496432172e-01
-2.982000000000000028e+01,-5.204571829447091069e-01,9.587273110983554059e-01
-2.976000000000000156e+01,-5.194099853935124633e-01,9.589382161372890234e-01
-2.969999999999999929e+01,-5.183627878423158197e-01,9.591498494625522175e-01
-2.964000000000000057e+01,-5.173155902911192872e-01,9.593622141802480296e-01
-2.957999999999999829e+01,-5.162683927399226436e-01,9.595753134063806922e-01
-2.951999999999999957e+01,-5.152211951887261110e-01,9.597891502667569297e-01
-2.946000000000000085e+01,-5.141739976375294674e-01,9.600037278968828192e-01
-2.939999999999999858e+01,-5.131268000863328238e-01,9.602190494418574307e-01
-2.933999999999999986e+01,-5.120796025351362912e-01,9.604351180562620272e-01
-2.928000000000000114e+01,-5.110324049839397587e-01,9.606519369040442680e-01
-2.921999999999999886e+01,-5.099852074327431151e-01,9.608695091583984160e-01
-2.916000000000000014e+01,-5.089380098815464715e-01,9.610878380016405487e-01
-2.910000000000000142e+01,-5.078908123303499389e-01,9.613069266250793277e-01
-2.903999999999999915e+01,-5.068436147791532953e-01,9.615267782288819953e-01
-2.898000000000000043e+01,-5.057964172279567627e-01,9.617473960219351525e-01
-2.892000000000000171e+01,-5.047492196767601191e-01,9.619687832217002077e-01
-2.885999999999999943e+01,-5.037020221255634755e-01,9.621909430540643848e-01
-2.880000000000000071e+01,-5.026548245743669430e-01,9.624138787531848482e-01
-2.873999999999999844e+01,-5.016076270231702994e-01,9.626375935613300516e-01
-2.867999999999999972e+01,-5.005604294719736558e-01,9.628620907287120945e-01
-2.862000000000000099e+01,-4.995132319207771232e-01,9.630873735133155256e-01
-2.855999999999999872e+01,-4.984660343695804796e-01,9.633134451807197074e-01
-2.850000000000000000e+01,-4.974188368183839470e-01,9.635403090039152962e-01
-2.844000000000000128e+01,-4.963716392671873590e-01,9.637679682631133948e-01
-2.837999999999999901e+01,-4.953244417159907154e-01,9.639964262455503752e-01
-2.832000000000000028e+01,-4.942772441647941273e-01,9.642256862452838195e-01
-2.826000000000000156e+01,-4.932300466135975392e-01,9.644557515629832434e-01
-2.819999999999999929e+01,-4.921828490624008956e-01,9.646866255057144901e-01
-2.814000000000000057e+01,-4.911356515112043630e-01,9.649183113867145778e-01
-2.807999999999999829e+01,-4.900884539600077194e-01,9.651508125251626602e-01
-2.801999999999999957e+01,-4.890412564088111314e-01,9.653841322459412178e-01
-2.796000000000000085e+01,-4.879940588576145433e-01,9.656182738793895881e-01
-2.789999999999999858e+01,-4.869468613064178997e-01,9.658532407610521675e-01
-2.783999999999999986e+01,-4.858996637552213671e-01,9.660890362314156210e-01
-2.778000000000000114e+01,-4.848524662040247790e-01,9.663256636356403195e-01
-2.771999999999999886e+01,-4.838052686528281354e-01,9.665631263232821180e-01
-2.766000000000000014e+01,-4.827580711016315473e-01,9.668014276480056957e-01
-2.760000000000000142e+01,-4.817108735504349593e-01,9.670405709672900141e-01
-2.753999999999999915e+01,-4.806636759992383157e-01,9.672805596421234497e-01
-2.748000000000000043e+01,-4.796164784480417831e-01,9.675213970366912664e-01
-2.742000000000000171e+01,-4.785692808968451950e-01,9.677630865180520958e-01
-2.735999999999999943e+01,-4.775220833456485514e-01,9.680056314558063146e-01
-2.730000000000000071e+01,-4.764748857944519633e-01,9.682490352217532070e-01
-2.724000000000000199e+01,-4.754276882432554308e-01,9.684933011895382471e-01
-2.717999999999999972e+01,-4.743804906920587872e-01,9.687384327342913881e-01
-2.712000000000000099e+01,-4.733332931408621991e-01,9.689844332322525844e-01
-2.705999999999999872e+01,-4.722860955896655555e-01,9.692313060603882091e-01
-2.700000000000000000e+01,-4.712388980384689674e-01,9.694790545959948158e-01
-2.694000000000000128e+01,-4.701917004872723793e-01,9.697276822162926857e-01
-2.687999999999999901e+01,-4.691445029360757912e-01,9.699771922980071626e-01
-2.682000000000000028e+01,-4.680973053848792031e-01,9.702275882169382193e-01
-2.676000000000000156e+01,-4.670501078336826151e-01,9.704788733475167017e-01
-2.669999999999999929e+01,-4.660029102824859715e-01,9.707310510623500255e-01
-2.664000000000000057e+01,-4.649557127312893834e-01,9.709841247317519963e-01
-2.657999999999999829e+01,-4.639085151800927398e-01,9.712380977232631940e-01
-2.651999999999999957e+01,-4.628613176288962072e-01,9.714929734011539253e-01
-2.646000000000000085e+01,-4.618141200776996191e-01,9.717487551259166301e-01
-2.639999999999999858e+01,-4.607669225265029755e-01,9.720054462537415230e-01
-2.633999999999999986e+01,-4.597197249753063875e-01,9.722630501359791344e-01
-2.628000000000000114e+01,-4.586725274241097994e-01,9.725215701185873085e-01
-2.621999999999999886e+01,-4.576253298729132113e-01,9.727810095415635461e-01
-2.616000000000000014e+01,-4.565781323217166232e-01,9.730413717383612493e-01
-2.610000000000000142e+01,-4.555309347705200351e-01,9.733026600352895352e-01
-2.603999999999999915e+01,-4.544837372193233915e-01,9.735648777508971730e-01
-2.598000000000000043e+01,-4.534365396681268034e-01,9.738280281953396456e-01
-2.592000000000000171e+01,-4.523893421169302709e-01,9.740921146697292254e-01
-2.585999999999999943e+01,-4.513421445657336273e-01,9.743571404654666201e-01
-2.580000000000000071e+01,-4.502949470145370392e-01,9.746231088635550766e-01
-2.574000000000000199e+01,-4.492477494633404511e-01,9.748900231338957223e-01
-2.567999999999999972e+01,-4.482005519121438075e-01,9.751578865345644775e-01
-2.562000000000000099e+01,-4.471533543609472749e-01,9.754267023110682056e-01
-2.556000000000000227e+01,-4.461061568097506869e-01,9.756964736955829887e-01
-2.550000000000000000e+01,-4.450589592585540433e-01,9.759672039061694226e-01
-2.544000000000000128e+01,-4.440117617073574552e-01,9.762388961459693704e-01
-2.537999999999999901e+01,-4.429645641561608116e-01,9.765115536023802889e-01
-2.532000000000000028e+01,-4.419173666049642235e-01,9.767851794462067971e-01
-2.525999999999999801e+01,-4.408701690537676354e-01,9.770597768307913711e-01
-2.519999999999999929e+01,-4.398229715025710473e-01,9.773353488911209475e-01
-2.514000000000000057e+01,-4.387757739513744593e-01,9.776118987429101015e-01
-2.507999999999999829e+01,-4.377285764001778157e-01,9.778894294816601329e-01
-2.501999999999999957e+01,-4.366813788489812276e-01,9.781679441816938381e-01
-2.496000000000000085e+01,-4.356341812977846950e-01,9.784474458951637477e-01
-2.489999999999999858e+01,-4.345869837465880514e-01,9.787279376510357176e-01
-2.483999999999999986e+01,-4.335397861953914633e-01,9.790094224540447643e-01
-2.478000000000000114e+01,-4.324925886441948752e-01,9.792919032836248094e-01
-2.471999999999999886e+01,-4.314453910929982317e-01,9.795753830928093375e-01
-2.466000000000000014e+01,-4.303981935418016436e-01,9.798598648071036310e-01
-2.460000000000000142e+01,-4.293509959906051110e-01,9.801453513233289172e-01
-2.453999999999999915e+01,-4.283037984394084674e-01,9.804318455084343187e-01
-2.448000000000000043e+01,-4.272566008882118793e-01,9.807193501982802708e-01
-2.442000000000000171e+01,-4.262094033370152912e-01,9.810078681963882996e-01
-2.435999999999999943e+01,-4.251622057858186476e-01,9.812974022726607126e-01
-2.430000000000000071e+01,-4.241150082346221151e-01,9.815879551620645405e-01
-2.424000000000000199e+01,-4.230678106834255270e-01,9.818795295632846143e-01
-2.417999999999999972e+01,-4.220206131322288834e-01,9.821721281373388956e-01
-2.412000000000000099e+01,-4.209734155810322953e-01,9.824657535061604996e-01
-2.406000000000000227e+01,-4.199262180298357072e-01,9.827604082511417483e-01
-2.400000000000000000e+01,-4.188790204786391191e-01,9.830560949116425862e-01
-2.394000000000000128e+01,-4.178318229274425311e-01,9.833528159834576954e-01
-2.387999999999999901e+01,-4.167846253762458875e-01,9.836505739172484164e-01
-2.382000000000000028e+01,-4.157374278250492994e-01,9.839493711169305934e-01
-2.375999999999999801e+01,-4.146902302738526558e-01,9.842492099380240056e-01
-2.369999999999999929e+01,-4.136430327226560677e-01,9.845500926859582780e-01
-2.364000000000000057e+01,-4.125958351714595351e-01,9.848520216143357153e-01
-2.357999999999999829e+01,-4.115486376202628915e-01,9.851549989231505045e-01
-2.351999999999999957e+01,-4.105014400690663035e-01,9.854590267569613982e-01
-2.346000000000000085e+01,-4.094542425178697154e-01,9.857641072030189910e-01
-2.339999999999999858e+01,-4.084070449666730718e-01,9.860702422893448116e-01
-2.333999999999999986e+01,-4.073598474154765392e-01,9.863774339827611204e-01
-2.328000000000000114e+01,-4.063126498642799511e-01,9.866856841868724137e-01
-2.321999999999999886e+01,-4.052654523130833075e-01,9.869949947399931922e-01
-2.316000000000000014e+01,-4.042182547618867194e-01,9.873053674130254365e-01
-2.310000000000000142e+01,-4.031710572106901314e-01,9.876168039072807936e-01
-2.303999999999999915e+01,-4.021238596594934878e-01,9.879293058522480298e-01
-2.298000000000000043e+01,-4.010766621082969552e-01,9.882428748033051935e-01
-2.292000000000000171e+01,-4.000294645571003671e-01,9.885575122393710501e-01
-2.285999999999999943e+01,-3.989822670059037235e-01,9.888732195605002273e-01
-2.280000000000000071e+01,-3.979350694547071354e-01,9.891899980854154117e-01
-2.274000000000000199e+01,-3.968878719035105473e-01,9.895078490489787049e-01
-2.267999999999999972e+01,-3.958406743523139593e-01,9.898267735995978089e-01
-2.262000000000000099e+01,-3.947934768011173712e-01,9.901467727965678201e-01
-2.256000000000000227e+01,-3.937462792499207831e-01,9.904678476073451865e-01
-2.250000000000000000e+01,-3.926990816987241395e-01,9.907899989047536105e-01
-2.244000000000000128e+01,-3.916518841475275514e-01,9.911132274641192286e-01
-2.237999999999999901e+01,-3.906046865963309078e-01,9.914375339603332948e-01
-2.232000000000000028e+01,-3.895574890451343752e-01,9.917629189648413668e-01
-2.226000000000000156e+01,-3.885102914939377872e-01,9.920893829425566635e-01
-2.219999999999999929e+01,-3.874630939427411436e-01,9.924169262486957077e-01
-2.214000000000000057e+01,-3.864158963915445555e-01,9.927455491255334774e-01
-2.207999999999999829e+01,-3.853686988403479119e-01,9.930752516990787315e-01
-2.201999999999999957e+01,-3.843215012891513793e-01,9.934060339756639602e-01
-2.196000000000000085e+01,-3.832743037379547912e-01,9.937378958384507355e-01
-2.189999999999999858e+01,-3.822271061867581476e-01,9.940708370438471331e-01
-2.183999999999999986e+01,-3.811799086355615596e-01,9.944048572178343370e-01
-2.178000000000000114e+01,-3.801327110843649715e-01,9.947399558522014296e-01
-2.171999999999999886e+01,-3.790855135331683834e-01,9.950761323006865888e-01
-2.166000000000000014e+01,-3.780383159819717953e-01,9.954133857750190328e-01
-2.160000000000000142e+01,-3.769911184307752072e-01,9.957517153408649291e-01
-2.153999999999999915e+01,-3.759439208795785636e-01,9.960911199136674998e-01
-2.148000000000000043e+01,-3.748967233283819755e-01,9.964315982543867634e-01
-2.142000000000000171e+01,-3.738495257771854430e-01,9.967731489651289190e-01
-2.135999999999999943e+01,-3.728023282259887994e-01,9.971157704846690395e-01
-2.130000000000000071e+01,-3.717551306747922113e-01,9.974594610838583009e-01
-2.124000000000000199e+01,-3.707079331235956232e-01,9.978042188609189678e-01
-2.117999999999999972e+01,-3.696607355723989796e-01,9.981500417366200306e-01
-2.112000000000000099e+01,-3.686135380212023915e-01,9.984969274493306068e-01
-2.106000000000000227e+01,-3.675663404700058590e-01,9.988448735499516618e-01
-2.100000000000000000e+01,-3.665191429188092154e-01,9.991938773967189436e-01
-2.093999999999999773e+01,-3.654719453676125718e-01,9.995439361498762443e-01
-2.088000000000000256e+01,-3.644247478164160392e-01,9.998950467662143238e-01
-2.082000000000000028e+01,-3.633775502652193956e-01,1.000247205993474608e+00
-2.075999999999999801e+01,-3.623303527140227520e-01,1.000600410364609782e+00
-2.070000000000000284e+01,-3.612831551628262750e-01,1.000954656191903380e+00
-2.064000000000000057e+01,-3.602359576116296314e-01,1.001309939560940165e+00
-2.057999999999999829e+01,-3.591887600604329878e-01,1.001666256324424964e+00
-2.051999999999999957e+01,-3.581415625092363997e-01,1.002023602095848620e+00
-2.046000000000000085e+01,-3.570943649580398671e-01,1.002381972242992081e+00
-2.039999999999999858e+01,-3.560471674068432235e-01,1.002741361881270610e+00
-2.033999999999999986e+01,-3.549999698556466354e-01,1.003101765866909245e+00
-2.028000000000000114e+01,-3.539527723044500473e-01,1.003463178789946397e+00
-2.021999999999999886e+01,-3.529055747532534038e-01,1.003825594967065360e+00
-2.016000000000000014e+01,-3.518583772020568157e-01,1.004189008434241748e+00
-2.010000000000000142e+01,-3.508111796508602831e-01,1.004553412939208856e+00
-2.003999999999999915e+01,-3.497639820996636395e-01,1.004918801933735173e+00
-1.998000000000000043e+01,-3.487167845484670514e-01,1.005285168565705378e+00
-1.992000000000000171e+01,-3.476695869972704633e-01,1.005652505671003727e+00
-1.985999999999999943e+01,-3.466223894460738197e-01,1.006020805765195814e+00
-1.980000000000000071e+01,-3.455751918948772872e-01,1.006390061034998062e+00
-1.974000000000000199e+01,-3.445279943436806991e-01,1.006760263329536720e+00
-1.967999999999999972e+01,-3.434807967924840555e-01,1.007131404151385246e+00
-1.962000000000000099e+01,-3.424335992412874674e-01,1.007503474647377217e+00
-1.956000000000000227e+01,-3.413864016900908793e-01,1.007876465599190308e+00
-1.950000000000000000e+01,-3.403392041388942357e-01,1.008250367413691340e+00
-1.944000000000000128e+01,-3.392920065876977032e-01,1.008625170113041092e+00
-1.938000000000000256e+01,-3.382448090365011151e-01,1.009000863324551300e+00
-1.932000000000000028e+01,-3.371976114853044715e-01,1.009377436270284090e+00
-1.925999999999999801e+01,-3.361504139341078279e-01,1.009754877756394054e+00
-1.920000000000000284e+01,-3.351032163829112953e-01,1.010133176162200552e+00
-1.914000000000000057e+01,-3.340560188317147072e-01,1.010512319428986672e+00
-1.907999999999999829e+01,-3.330088212805180636e-01,1.010892295048516853e+00
-1.901999999999999957e+01,-3.319616237293214756e-01,1.011273090051266310e+00
-1.896000000000000085e+01,-3.309144261781248875e-01,1.011654690994355565e+00
-1.889999999999999858e+01,-3.298672286269282439e-01,1.012037083949181904e+00
-1.883999999999999986e+01,-3.288200310757317113e-01,1.012420254488740401e+00
-1.878000000000000114e+01,-3.277728335245351232e-01,1.012804187674626100e+00
-1.871999999999999886e+01,-3.267256359733384796e-01,1.013188868043712443e+00
-1.866000000000000014e+01,-3.256784384221418915e-01,1.013574279594492644e+00
-1.860000000000000142e+01,-3.246312408709453035e-01,1.013960405773079776e+00
-1.853999999999999915e+01,-3.235840433197486599e-01,1.014347229458856470e+00
-1.848000000000000043e+01,-3.225368457685521273e-01,1.014734732949762464e+00
-1.842000000000000171e+01,-3.214896482173555392e-01,1.015122897947215330e+00
-1.835999999999999943e+01,-3.204424506661588956e-01,1.015511705540652398e+00
-1.830000000000000071e+01,-3.193952531149623075e-01,1.015901136191683873e+00
-1.824000000000000199e+01,-3.183480555637657194e-01,1.016291169717850718e+00
-1.817999999999999972e+01,-3.173008580125691314e-01,1.016681785275973304e+00
-1.812000000000000099e+01,-3.162536604613725433e-01,1.017072961345085069e+00
-1.806000000000000227e+01,-3.152064629101759552e-01,1.017464675708936728e+00
-1.800000000000000000e+01,-3.141592653589793116e-01,1.017856905438062398e+00
-1.794000000000000128e+01,-3.131120678077827235e-01,1.018249626871397640e+00
-1.788000000000000256e+01,-3.120648702565861909e-01,1.018642815597436302e+00
-1.782000000000000028e+01,-3.110176727053895473e-01,1.019036446434915977e+00
-1.775999999999999801e+01,-3.099704751541929038e-01,1.019430493413020278e+00
-1.770000000000000284e+01,-3.089232776029963712e-01,1.019824929751085296e+00
-1.764000000000000057e+01,-3.078760800517997276e-01,1.020219727837799795e+00
-1.757999999999999829e+01,-3.068288825006030840e-01,1.020614859209884040e+00
-1.751999999999999957e+01,-3.057816849494065514e-01,1.021010294530236617e+00
-1.746000000000000085e+01,-3.047344873982099633e-01,1.021406003565535681e+00
-1.739999999999999858e+01,-3.036872898470133197e-01,1.021801955163279763e+00
-1.733999999999999986e+01,-3.026400922958167317e-01,1.022198117228257930e+00
-1.728000000000000114e+01,-3.015928947446201436e-01,1.022594456698430188e+00
-1.721999999999999886e+01,-3.005456971934235555e-01,1.022990939520209031e+00
-1.716000000000000014e+01,-2.994984996422269674e-01,1.023387530623124597e+00
-1.710000000000000142e+01,-2.984513020910303793e-01,1.023784193893857442e+00
-1.703999999999999915e+01,-2.974041045398337357e-01,1.024180892149628708e+00
-1.698000000000000043e+01,-2.963569069886371476e-01,1.024577587110924171e+00
-1.692000000000000171e+01,-2.953097094374406151e-01,1.024974239373543927e+00
-1.685999999999999943e+01,-2.942625118862439715e-01,1.025370808379957754e+00
-1.680000000000000071e+01,-2.932153143350473834e-01,1.025767252389947926e+00
-1.674000000000000199e+01,-2.921681167838507953e-01,1.026163528450526607e+00
-1.667999999999999972e+01,-2.911209192326541517e-01,1.026559592365106965e+00
-1.662000000000000099e+01,-2.900737216814575636e-01,1.026955398661911767e+00
-1.656000000000000227e+01,-2.890265241302610311e-01,1.027350900561601055e+00
-1.650000000000000000e+01,-2.879793265790643875e-01,1.027746049944100903e+00
-1.644000000000000128e+01,-2.869321290278677994e-01,1.028140797314613719e+00
-1.638000000000000256e+01,-2.858849314766712113e-01,1.028535091768790988e+00
-1.632000000000000028e+01,-2.848377339254745677e-01,1.028928880957048708e+00
-1.625999999999999801e+01,-2.837905363742779241e-01,1.029322111048007082e+00
-1.620000000000000284e+01,-2.827433388230814471e-01,1.029714726691031146e+00
-1.614000000000000057e+01,-2.816961412718848035e-01,1.030106670977853911e+00
-1.607999999999999829e+01,-2.806489437206881599e-01,1.030497885403260483e+00
-1.602000000000000313e+01,-2.796017461694916273e-01,1.030888309824810278e+00
-1.596000000000000085e+01,-2.785545486182949837e-01,1.031277882421578029e+00
-1.590000000000000036e+01,-2.775073510670983956e-01,1.031666539651887593e+00
-1.583999999999999986e+01,-2.764601535159018075e-01,1.032054216210018804e+00
-1.578000000000000114e+01,-2.754129559647052194e-01,1.032440844981863171e+00
-1.572000000000000064e+01,-2.743657584135086314e-01,1.032826356999504869e+00
-1.566000000000000014e+01,-2.733185608623119878e-01,1.033210681394703512e+00
-1.560000000000000142e+01,-2.722713633111154552e-01,1.033593745351252480e+00
-1.554000000000000092e+01,-2.712241657599188116e-01,1.033975474056192168e+00
-1.548000000000000043e+01,-2.701769682087222235e-01,1.034355790649848617e+00
-1.541999999999999993e+01,-2.691297706575256354e-01,1.034734616174675548e+00
-1.536000000000000121e+01,-2.680825731063290474e-01,1.035111869522870265e+00
-1.530000000000000071e+01,-2.670353755551324593e-01,1.035487467382742999e+00
-1.524000000000000021e+01,-2.659881780039358157e-01,1.035861324183806609e+00
-1.517999999999999972e+01,-2.649409804527392276e-01,1.036233352040563549e+00
-1.512000000000000099e+01,-2.638937829015426395e-01,1.036603460694964784e+00
-1.506000000000000050e+01,-2.628465853503460514e-01,1.036971557457506465e+00
-1.500000000000000000e+01,-2.617993877991494078e-01,1.037337547146944150e+00
-1.494000000000000128e+01,-2.607521902479528753e-01,1.037701332028591272e+00
-1.488000000000000078e+01,-2.597049926967562317e-01,1.038062811751176540e+00
-1.482000000000000028e+01,-2.586577951455596436e-01,1.038421883282227620e+00
-1.475999999999999979e+01,-2.576105975943630555e-01,1.038778440841960027e+00
-1.470000000000000107e+01,-2.565634000431664674e-01,1.039132375835631450e+00
-1.464000000000000057e+01,-2.555162024919698793e-01,1.039483576784342445e+00
-1.458000000000000007e+01,-2.544690049407732357e-01,1.039831929254246612e+00
-1.452000000000000135e+01,-2.534218073895766477e-01,1.040177315784145851e+00
-1.446000000000000085e+01,-2.523746098383800596e-01,1.040519615811437593e+00
-1.440000000000000036e+01,-2.513274122871834715e-01,1.040858705596387157e+00
-1.433999999999999986e+01,-2.502802147359868279e-01,1.041194458144691248e+00
-1.428000000000000114e+01,-2.492330171847902676e-01,1.041526743128309285e+00
-1.422000000000000064e+01,-2.481858196335936795e-01,1.041855426804527252e+00
-1.416000000000000014e+01,-2.471386220823970636e-01,1.042180371933226324e+00
-1.410000000000000142e+01,-2.460914245312005033e-01,1.042501437692328503e+00
-1.404000000000000092e+01,-2.450442269800038875e-01,1.042818479591387515e+00
-1.398000000000000043e+01,-2.439970294288072716e-01,1.043131349383299211e+00
-1.392000000000000171e+01,-2.429498318776107113e-01,1.043439894974097504e+00
-1.385999999999999943e+01,-2.419026343264140677e-01,1.043743960330816067e+00
-1.380000000000000071e+01,-2.408554367752174796e-01,1.044043385387377620e+00
-1.374000000000000199e+01,-2.398082392240209193e-01,1.044338005948493686e+00
-1.367999999999999972e+01,-2.387610416728242757e-01,1.044627653591541971e+00
-1.362000000000000099e+01,-2.377138441216277154e-01,1.044912155566395384e+00
-1.356000000000000227e+01,-2.366666465704311273e-01,1.045191334693182705e+00
-1.350000000000000000e+01,-2.356194490192344837e-01,1.045465009257950273e+00
-1.344000000000000128e+01,-2.345722514680379234e-01,1.045732992906207803e+00
-1.337999999999999901e+01,-2.335250539168412798e-01,1.045995094534328596e+00
-1.332000000000000028e+01,-2.324778563656446917e-01,1.046251118178792350e+00
-1.326000000000000156e+01,-2.314306588144481314e-01,1.046500862903242401e+00
-1.319999999999999929e+01,-2.303834612632514878e-01,1.046744122683345601e+00
-1.314000000000000057e+01,-2.293362637120548997e-01,1.046980686289433304e+00
-1.308000000000000185e+01,-2.282890661608583394e-01,1.047210337166914140e+00
-1.301999999999999957e+01,-2.272418686096616958e-01,1.047432853314439249e+00
-1.296000000000000085e+01,-2.261946710584651354e-01,1.047648007159814210e+00
-1.290000000000000213e+01,-2.251474735072685474e-01,1.047855565433648550e+00
-1.283999999999999986e+01,-2.241002759560719038e-01,1.048055289040731086e+00
-1.278000000000000114e+01,-2.230530784048753434e-01,1.048246932929135733e+00
-1.271999999999999886e+01,-2.220058808536786998e-01,1.048430245957050477e+00
-1.266000000000000014e+01,-2.209586833024821118e-01,1.048604970757333499e+00
-1.260000000000000142e+01,-2.199114857512855514e-01,1.048770843599803104e+00
-1.253999999999999915e+01,-2.188642882000889078e-01,1.048927594251267914e+00
-1.248000000000000043e+01,-2.178170906488923475e-01,1.049074945833311290e+00
-1.242000000000000171e+01,-2.167698930976957594e-01,1.049212614677844657e+00
-1.235999999999999943e+01,-2.157226955464991158e-01,1.049340310180452152e+00
-1.230000000000000071e+01,-2.146754979953025555e-01,1.049457734651549456e+00
-1.224000000000000199e+01,-2.136283004441059674e-01,1.049564583165389031e+00
-1.217999999999999972e+01,-2.125811028929093238e-01,1.049660543406940816e+00
-1.212000000000000099e+01,-2.115339053417127635e-01,1.049745295516698373e+00
-1.206000000000000227e+01,-2.104867077905161754e-01,1.049818511933443776e+00
-1.200000000000000000e+01,-2.094395102393195596e-01,1.049879857235032965e+00
-1.194000000000000128e+01,-2.083923126881229715e-01,1.049928987977255535e+00
-1.187999999999999901e+01,-2.073451151369263279e-01,1.049965552530832236e+00
-1.182000000000000028e+01,-2.062979175857297676e-01,1.049989190916626125e+00
-1.176000000000000156e+01,-2.052507200345331795e-01,1.049999534639143084e+00
-1.169999999999999929e+01,-2.042035224833365359e-01,1.049996206518411412e+00
-1.164000000000000057e+01,-2.031563249321399756e-01,1.049978820520335088e+00
-1.158000000000000185e+01,-2.021091273809433875e-01,1.049946981585626160e+00
-1.151999999999999957e+01,-2.010619298297467439e-01,1.049900285457428861e+00
-1.146000000000000085e+01,-2.000147322785501836e-01,1.049838318507759549e+00
-1.140000000000000213e+01,-1.989675347273535955e-01,1.049760657562897714e+00
-1.133999999999999986e+01,-1.979203371761569796e-01,1.049666869727870155e+00
-1.128000000000000114e+01,-1.968731396249603915e-01,1.049556512210185089e+00
-1.122000000000000242e+01,-1.958259420737638312e-01,1.049429132142984278e+00
-1.116000000000000014e+01,-1.947787445225671876e-01,1.049284266407793043e+00
-1.110000000000000142e+01,-1.937315469713705995e-01,1.049121441457058879e+00
-1.103999999999999915e+01,-1.926843494201739559e-01,1.048940173136688969e+00
-1.098000000000000043e+01,-1.916371518689773956e-01,1.048739966508802191e+00
-1.092000000000000171e+01,-1.905899543177808075e-01,1.048520315674933645e+00
-1.085999999999999943e+01,-1.895427567665841917e-01,1.048280703599940633e+00
-1.080000000000000071e+01,-1.884955592153876036e-01,1.048020601936876739e+00
-1.074000000000000199e+01,-1.874483616641910155e-01,1.047739470853115806e+00
-1.067999999999999972e+01,-1.864011641129943997e-01,1.047436758858025119e+00
-1.062000000000000099e+01,-1.853539665617978116e-01,1.047111902632505753e+00
-1.056000000000000227e+01,-1.843067690106012513e-01,1.046764326860736283e+00
-1.050000000000000000e+01,-1.832595714594046077e-01,1.046393444064471989e+00
-1.044000000000000128e+01,-1.822123739082080196e-01,1.045998654440276621e+00
-1.037999999999999901e+01,-1.811651763570113760e-01,1.045579345700079710e+00
-1.032000000000000028e+01,-1.801179788058148157e-01,1.045134892915474678e+00
-1.026000000000000156e+01,-1.790707812546182276e-01,1.044664658366194043e+00
-1.019999999999999929e+01,-1.780235837034216118e-01,1.044167991393223138e+00
-1.014000000000000057e+01,-1.769763861522250237e-01,1.043644228257029738e+00
-1.008000000000000185e+01,-1.759291886010284633e-01,1.043092692001417410e+00
-1.001999999999999957e+01,-1.748819910498318198e-01,1.042512692323529055e+00
-9.960000000000000853e+00,-1.738347934986352317e-01,1.041903525450554424e+00
-9.900000000000002132e+00,-1.727875959474386713e-01,1.041264474023716247e+00
-9.839999999999999858e+00,-1.717403983962420277e-01,1.040594806990140064e+00
-9.780000000000001137e+00,-1.706932008450454397e-01,1.039893779503233917e+00
-9.720000000000002416e+00,-1.696460032938488793e-01,1.039160632832229370e+00
-9.660000000000000142e+00,-1.685988057426522357e-01,1.038394594281565997e+00
-9.600000000000001421e+00,-1.675516081914556477e-01,1.037594877120821657e+00
-9.539999999999999147e+00,-1.665044106402590318e-01,1.036760680525923961e+00
-9.480000000000000426e+00,-1.654572130890624437e-01,1.035891189532395451e+00
-9.420000000000001705e+00,-1.644100155378658834e-01,1.034985575001420077e+00
-9.359999999999999432e+00,-1.633628179866692398e-01,1.034042993599540772e+00
-9.300000000000000711e+00,-1.623156204354726517e-01,1.033062587792821896e+00
-9.240000000000001990e+00,-1.612684228842760914e-01,1.032043485856338982e+00
-9.179999999999999716e+00,-1.602212253330794478e-01,1.030984801899881287e+00
-9.120000000000000995e+00,-1.591740277818828597e-01,1.029885635910777530e+00
-9.060000000000002274e+00,-1.581268302306862994e-01,1.028745073814776090e+00
-9.000000000000000000e+00,-1.570796326794896558e-01,1.027562187555938200e+00
-8.940000000000001279e+00,-1.560324351282930955e-01,1.026336035196520058e+00
-8.880000000000002558e+00,-1.549852375770965074e-01,1.025065661037837250e+00
-8.820000000000000284e+00,-1.539380400258998638e-01,1.023750095763134027e+00
-8.760000000000001563e+00,-1.528908424747033035e-01,1.022388356603481041e+00
-8.699999999999999289e+00,-1.518436449235066599e-01,1.020979447527752715e+00
-8.640000000000000568e+00,-1.507964473723100718e-01,1.019522359457744498e+00
-8.580000000000001847e+00,-1.497492498211135115e-01,1.018016070509492499e+00
-8.519999999999999574e+00,-1.487020522699168679e-01,1.016459546261881730e+00
-8.460000000000000853e+00,-1.476548547187203075e-01,1.014851740053615670e+00
-8.400000000000002132e+00,-1.466076571675237195e-01,1.013191593309636040e+00
-8.339999999999999858e+00,-1.455604596163270759e-01,1.011478035898067507e+00
-8.280000000000001137e+00,-1.445132620651305155e-01,1.009709986518769531e+00
-8.220000000000002416e+00,-1.434660645139339274e-01,1.007886353124552326e+00
-8.160000000000000142e+00,-1.424188669627372839e-01,1.006006033376114495e+00
-8.100000000000001421e+00,-1.413716694115407235e-01,1.004067915131729549e+00
-8.039999999999999147e+00,-1.403244718603440799e-01,1.002070876972691371e+00
-7.980000000000000426e+00,-1.392772743091474918e-01,1.000013788765497402e+00
-7.920000000000001705e+00,-1.382300767579509315e-01,9.978955122617144680e-01
-7.859999999999999432e+00,-1.371828792067542879e-01,9.957149017364261834e-01
-7.800000000000000711e+00,-1.361356816555577276e-01,9.934708046661274716e-01
-7.740000000000001990e+00,-1.350884841043611395e-01,9.911620624468578944e-01
-7.679999999999999716e+00,-1.340412865531644959e-01,9.887875111533261929e-01
-7.620000000000000995e+00,-1.329940890019679356e-01,9.863459823396970583e-01
-7.560000000000002274e+00,-1.319468914507713475e-01,9.838363038826377638e-01
-7.500000000000000000e+00,-1.308996938995747039e-01,9.812573008671507946e-01
-7.440000000000001279e+00,-1.298524963483781436e-01,9.786077965156096958e-01
-7.380000000000002558e+00,-1.288052987971815555e-01,9.758866131603348704e-01
-7.320000000000000284e+00,-1.277581012459849397e-01,9.730925732599265965e-01
-7.260000000000001563e+00,-1.267109036947883516e-01,9.702245004594647337e-01
-7.199999999999999289e+00,-1.256637061435917080e-01,9.672812206945541336e-01
-7.140000000000000568e+00,-1.246165085923951338e-01,9.642615633390705376e-01
-7.080000000000001847e+00,-1.235693110411985596e-01,9.611643623963099792e-01
-7.019999999999999574e+00,-1.225221134900019299e-01,9.579884577331049256e-01
-6.960000000000000853e+00,-1.214749159388053557e-01,9.547326963563066426e-01
-6.900000000000002132e+00,-1.204277183876087814e-01,9.513959337308643960e-01
-6.839999999999999858e+00,-1.193805208364121379e-01,9.479770351385624627e-01
-6.780000000000001137e+00,-1.183333232852155636e-01,9.444748770762894097e-01
-6.720000000000002416e+00,-1.172861257340189894e-01,9.408883486925223583e-01
-6.660000000000000142e+00,-1.162389281828223458e-01,9.372163532605145564e-01
-6.600000000000001421e+00,-1.151917306316257716e-01,9.334578096864661889e-01
-6.539999999999999147e+00,-1.141445330804291419e-01,9.296116540507495252e-01
-6.480000000000000426e+00,-1.130973355292325677e-01,9.256768411800441188e-01
-6.420000000000001705e+00,-1.120501379780359935e-01,9.216523462480131768e-01
-6.359999999999999432e+00,-1.110029404268393499e-01,9.175371664019323914e-01
-6.300000000000000711e+00,-1.099557428756427757e-01,9.133303224124523778e-01
-6.240000000000001990e+00,-1.089085453244462015e-01,9.090308603434429369e-01
-6.179999999999999716e+00,-1.078613477732495579e-01,9.046378532386457616e-01
-6.120000000000000995e+00,-1.068141502220529837e-01,9.001504028216246178e-01
-6.060000000000002274e+00,-1.057669526708564095e-01,8.955676412052768764e-01
-6.000000000000000000e+00,-1.047197551196597798e-01,8.908887326069488966e-01
-5.940000000000001279e+00,-1.036725575684631917e-01,8.861128750649719388e-01
-5.880000000000002558e+00,-1.026253600172666175e-01,8.812393021522260117e-01
-5.820000000000000284e+00,-1.015781624660699878e-01,8.762672846821336625e-01
-5.760000000000001563e+00,-1.005309649148734136e-01,8.711961324022884368e-01
-5.699999999999999289e+00,-9.948376736367676998e-02,8.660251956707347709e-01
-5.640000000000000568e+00,-9.843656981248019577e-02,8.607538671097541005e-01
-5.580000000000001847e+00,-9.738937226128362157e-02,8.553815832318426571e-01
-5.519999999999999574e+00,-9.634217471008697797e-02,8.499078260324383072e-01
-5.460000000000000853e+00,-9.529497715889040377e-02,8.443321245438275557e-01
-5.400000000000002132e+00,-9.424777960769382956e-02,8.386540563445574747e-01
-5.339999999999999858e+00,-9.320058205649719985e-02,8.328732490186114834e-01
-5.280000000000001137e+00,-9.215338450530062564e-02,8.269893815585434016e-01
-5.220000000000002416e+00,-9.110618695410405143e-02,8.210021857067348883e-01
-5.160000000000000142e+00,-9.005898940290740784e-02,8.149114472289478162e-01
-5.100000000000001421e+00,-8.901179185171083363e-02,8.087170071143611194e-01
-5.039999999999999147e+00,-8.796459430051419004e-02,8.024187626963399378e-01
-4.980000000000000426e+00,-8.691739674931761583e-02,7.960166686882813591e-01
-4.920000000000001705e+00,-8.587019919812104163e-02,7.895107381289822035e-01
-4.859999999999999432e+00,-8.482300164692441191e-02,7.829010432321547031e-01
-4.800000000000000711e+00,-8.377580409572782383e-02,7.761877161348732512e-01
-4.740000000000001990e+00,-8.272860654453124962e-02,7.693709495399778664e-01
-4.679999999999999716e+00,-8.168140899333461991e-02,7.624509972477063746e-01
-4.620000000000000995e+00,-8.063421144213804570e-02,7.554281745721194152e-01
-4.560000000000002274e+00,-7.958701389094147149e-02,7.483028586381991198e-01
-4.500000000000000000e+00,-7.853981633974482790e-02,7.410754885558744620e-01
-4.440000000000001279e+00,-7.749261878854825369e-02,7.337465654675972004e-01
-4.380000000000002558e+00,-7.644542123735167949e-02,7.263166524665255475e-01
-4.320000000000000284e+00,-7.539822368615503589e-02,7.187863743828200036e-01
-4.260000000000001563e+00,-7.435102613495846169e-02,7.111564174360360813e-01
-4.199999999999999289e+00,-7.330382858376183197e-02,7.034275287520945774e-01
-4.140000000000000568e+00,-7.225663103256525777e-02,6.956005157438579500e-01
-4.080000000000001847e+00,-7.120943348136868356e-02,6.876762453548675991e-01
-4.019999999999999574e+00,-7.016223593017203997e-02,6.796556431663898223e-01
-3.960000000000000853e+00,-6.911503837897546576e-02,6.715396923684839869e-01
-3.900000000000002132e+00,-6.806784082777889155e-02,6.633294325964094185e-01
-3.839999999999999858e+00,-6.702064327658224796e-02,6.550259586342999096e-01
-3.780000000000001137e+00,-6.597344572538567375e-02,6.466304189886349363e-01
-3.720000000000002416e+00,-6.492624817418909955e-02,6.381440143346507332e-01
-3.660000000000000142e+00,-6.387905062299246983e-02,6.295679958394506670e-01
-3.600000000000001421e+00,-6.283185307179588175e-02,6.209036633661750848e-01
-3.540000000000002700e+00,-6.178465552059931448e-02,6.121523635641706873e-01
-3.480000000000000426e+00,-6.073745796940267783e-02,6.033154878507037688e-01
-3.420000000000001705e+00,-5.969026041820610362e-02,5.943944702902986821e-01
-3.359999999999999432e+00,-5.864306286700946003e-02,5.853907853783275606e-01
-3.300000000000000711e+00,-5.759586531581288582e-02,5.763059457360042437e-01
-3.240000000000001990e+00,-5.654866776461631162e-02,5.671414997243865441e-01
-3.179999999999999716e+00,-5.550147021341967496e-02,5.578990289854773854e-01
-3.120000000000000995e+00,-5.445427266222310075e-02,5.485801459188995866e-01
-3.060000000000002274e+00,-5.340707511102652655e-02,5.391864911030047613e-01
-3.000000000000000000e+00,-5.235987755982988989e-02,5.297197306696087571e-01
-2.940000000000001279e+00,-5.131268000863330875e-02,5.201815536418340491e-01
-2.880000000000002558e+00,-5.026548245743673454e-02,5.105736692447672143e-01
-2.820000000000000284e+00,-4.921828490624009789e-02,5.008978041988519925e-01
-2.760000000000001563e+00,-4.817108735504352368e-02,4.911557000060627343e-01
-2.699999999999999289e+00,-4.712388980384688703e-02,4.813491102389971799e-01
-2.640000000000000568e+00,-4.607669225265031282e-02,4.714797978430768643e-01
-2.580000000000001847e+00,-4.502949470145373168e-02,4.615495324620095263e-01
-2.519999999999999574e+00,-4.398229715025709502e-02,4.515600877966231552e-01
-2.460000000000000853e+00,-4.293509959906052081e-02,4.415132390070510282e-01
-2.400000000000002132e+00,-4.188790204786394661e-02,4.314107601680741144e-01
-2.339999999999999858e+00,-4.084070449666730995e-02,4.212544217872264407e-01
-2.280000000000001137e+00,-3.979350694547073575e-02,4.110459883949848514e-01
-2.220000000000002416e+00,-3.874630939427416154e-02,4.007872162160494578e-01
-2.160000000000000142e+00,-3.769911184307751795e-02,3.904798509303806786e-01
-2.100000000000001421e+00,-3.665191429188094374e-02,3.801256255322399413e-01
-2.040000000000002700e+00,-3.560471674068436954e-02,3.697262582950372467e-01
-1.980000000000000426e+00,-3.455751918948773288e-02,3.592834508493332746e-01
-1.920000000000001705e+00,-3.351032163829115867e-02,3.487988863808070272e-01
-1.859999999999999432e+00,-3.246312408709452202e-02,3.382742279544641018e-01
-1.800000000000000711e+00,-3.141592653589794087e-02,3.277111169708035177e-01
-1.740000000000001990e+00,-3.036872898470137014e-02,3.171111717590378021e-01
-1.679999999999999716e+00,-2.932153143350473001e-02,3.064759863118756700e-01
-1.620000000000000995e+00,-2.827433388230815581e-02,2.958071291657221602e-01
-1.560000000000002274e+00,-2.722713633111158160e-02,2.851061424295032731e-01
-1.500000000000000000e+00,-2.617993877991494495e-02,2.743745409646830002e-01
-1.440000000000001279e+00,-2.513274122871836727e-02,2.636138117183551288e-01
-1.380000000000002558e+00,-2.408554367752179307e-02,2.528254132106261265e-01
-1.320000000000000284e+00,-2.303834612632515641e-02,2.420107751768527937e-01
-1.260000000000001563e+00,-2.199114857512857873e-02,2.311712983646110331e-01
-1.200000000000002842e+00,-2.094395102393200453e-02,2.203083544846173858e-01
-1.140000000000000568e+00,-1.989675347273536787e-02,2.094232863141825829e-01
-1.080000000000001847e+00,-1.884955592153879020e-02,1.985174079511249079e-01
-1.019999999999999574e+00,-1.780235837034215354e-02,1.875920052154384232e-01
-9.600000000000008527e-01,-1.675516081914557934e-02,1.766483361954261921e-01
-9.000000000000021316e-01,-1.570796326794900166e-02,1.656876319343798531e-01
-8.399999999999998579e-01,-1.466076571675236501e-02,1.547110972533529138e-01
-7.800000000000011369e-01,-1.361356816555579080e-02,1.437199117050025898e-01
-7.200000000000024158e-01,-1.256637061435921486e-02,1.327152306529534587e-01
-6.600000000000001421e-01,-1.151917306316257820e-02,1.216981864706563471e-01
-6.000000000000014211e-01,-1.047197551196600226e-02,1.106698898532270936e-01
-5.400000000000027001e-01,-9.424777960769426324e-03,9.963143123531059686e-02
-4.800000000000004263e-01,-8.377580409572789669e-03,8.858388230762169469e-02
-4.200000000000017053e-01,-7.330382858376213728e-03,7.752829762441658390e-02
-3.599999999999994316e-01,-6.283185307179576205e-03,6.646571629380147728e-02
-3.000000000000007105e-01,-5.235987755983001132e-03,5.539716374249180342e-02
-2.400000000000019895e-01,-4.188790204786426059e-03,4.432365354631871701e-02
-1.799999999999997158e-01,-3.141592653589788103e-03,3.324618931756823104e-02
-1.200000000000009948e-01,-2.094395102393213030e-03,2.216576664000217967e-02
-6.000000000000227374e-02,-1.047197551196637306e-03,1.108337504223306895e-02
0.000000000000000000e+00,0.000000000000000000e+00,-0.000000000000000000e+00
5.999999999999872102e-02,1.047197551196575507e-03,-1.108337504223241496e-02
1.199999999999974420e-01,2.094395102393151013e-03,-2.216576664000152394e-02
1.799999999999997158e-01,3.141592653589788103e-03,-3.324618931756823104e-02
2.399999999999984368e-01,4.188790204786363609e-03,-4.432365354631805782e-02
2.999999999999971578e-01,5.235987755982938682e-03,-5.539716374249115810e-02
3.599999999999994316e-01,6.283185307179576205e-03,-6.646571629380147728e-02
4.199999999999981526e-01,7.330382858376152146e-03,-7.752829762441594552e-02
4.800000000000004263e-01,8.377580409572789669e-03,-8.858388230762169469e-02
5.399999999999991473e-01,9.424777960769363874e-03,-9.963143123530994461e-02
5.999999999999978684e-01,1.047197551196593981e-02,-1.106698898532264413e-01
6.600000000000001421e-01,1.151917306316257820e-02,-1.216981864706563471e-01
7.199999999999988631e-01,1.256637061435915241e-02,-1.327152306529528203e-01
7.799999999999975842e-01,1.361356816555572835e-02,-1.437199117050019237e-01
8.399999999999998579e-01,1.466076571675236501e-02,-1.547110972533529138e-01
8.999999999999985789e-01,1.570796326794894268e-02,-1.656876319343792148e-01
9.599999999999972999e-01,1.675516081914551689e-02,-1.766483361954255260e-01
1.019999999999999574e+00,1.780235837034215354e-02,-1.875920052154384232e-01
1.079999999999998295e+00,1.884955592153872775e-02,-1.985174079511242695e-01
1.140000000000000568e+00,1.989675347273536787e-02,-2.094232863141825829e-01
1.199999999999999289e+00,2.094395102393194208e-02,-2.203083544846167197e-01
1.259999999999998010e+00,2.199114857512851628e-02,-2.311712983646104502e-01
1.320000000000000284e+00,2.303834612632515641e-02,-2.420107751768527937e-01
1.379999999999999005e+00,2.408554367752173062e-02,-2.528254132106255159e-01
1.439999999999997726e+00,2.513274122871830482e-02,-2.636138117183544072e-01
1.500000000000000000e+00,2.617993877991494495e-02,-2.743745409646830002e-01
1.559999999999998721e+00,2.722713633111151915e-02,-2.851061424295027180e-01
1.619999999999997442e+00,2.827433388230809336e-02,-2.958071291657214941e-01
1.679999999999999716e+00,2.932153143350473001e-02,-3.064759863118756700e-01
1.739999999999998437e+00,3.036872898470130769e-02,-3.171111717590371915e-01
1.799999999999997158e+00,3.141592653589788536e-02,-3.277111169708029625e-01
1.859999999999999432e+00,3.246312408709452202e-02,-3.382742279544641018e-01
1.919999999999998153e+00,3.351032163829109622e-02,-3.487988863808063611e-01
1.980000000000000426e+00,3.455751918948773288e-02,-3.592834508493332746e-01
2.039999999999999147e+00,3.560471674068430709e-02,-3.697262582950366916e-01
2.100000000000001421e+00,3.665191429188094374e-02,-3.801256255322399413e-01
2.159999999999996589e+00,3.769911184307745550e-02,-3.904798509303800125e-01
2.219999999999998863e+00,3.874630939427409909e-02,-4.007872162160488472e-01
2.280000000000001137e+00,3.979350694547073575e-02,-4.110459883949848514e-01
2.339999999999996305e+00,4.084070449666724750e-02,-4.212544217872258301e-01
2.399999999999998579e+00,4.188790204786388416e-02,-4.314107601680734483e-01
2.460000000000000853e+00,4.293509959906052081e-02,-4.415132390070510282e-01
2.519999999999996021e+00,4.398229715025703257e-02,-4.515600877966225446e-01
2.579999999999998295e+00,4.502949470145366923e-02,-4.615495324620089157e-01
2.640000000000000568e+00,4.607669225265031282e-02,-4.714797978430768643e-01
2.699999999999995737e+00,4.712388980384682458e-02,-4.813491102389965137e-01
2.759999999999998010e+00,4.817108735504346123e-02,-4.911557000060621792e-01
2.820000000000000284e+00,4.921828490624009789e-02,-5.008978041988519925e-01
2.879999999999995453e+00,5.026548245743660964e-02,-5.105736692447662151e-01
2.939999999999997726e+00,5.131268000863324630e-02,-5.201815536418334940e-01
3.000000000000000000e+00,5.235987755982988989e-02,-5.297197306696087571e-01
3.060000000000002274e+00,5.340707511102652655e-02,-5.391864911030047613e-01
3.119999999999997442e+00,5.445427266222303830e-02,-5.485801459188991425e-01
3.179999999999999716e+00,5.550147021341967496e-02,-5.578990289854773854e-01
3.240000000000001990e+00,5.654866776461631162e-02,-5.671414997243865441e-01
3.299999999999997158e+00,5.759586531581282337e-02,-5.763059457360036886e-01
3.359999999999999432e+00,5.864306286700946003e-02,-5.853907853783275606e-01
3.420000000000001705e+00,5.969026041820610362e-02,-5.943944702902986821e-01
3.479999999999996874e+00,6.073745796940261538e-02,-6.033154878507032137e-01
3.539999999999999147e+00,6.178465552059925203e-02,-6.121523635641702432e-01
3.600000000000001421e+00,6.283185307179588175e-02,-6.209036633661750848e-01
3.659999999999996589e+00,6.387905062299240044e-02,-6.295679958394501119e-01
3.719999999999998863e+00,6.492624817418904404e-02,-6.381440143346501781e-01
3.780000000000001137e+00,6.597344572538567375e-02,-6.466304189886349363e-01
3.839999999999996305e+00,6.702064327658219245e-02,-6.550259586342993545e-01
3.899999999999998579e+00,6.806784082777882217e-02,-6.633294325964089744e-01
3.960000000000000853e+00,6.911503837897546576e-02,-6.715396923684839869e-01
4.019999999999996021e+00,7.016223593017198445e-02,-6.796556431663894893e-01
4.079999999999998295e+00,7.120943348136861417e-02,-6.876762453548672660e-01
4.140000000000000568e+00,7.225663103256525777e-02,-6.956005157438579500e-01
4.199999999999995737e+00,7.330382858376176258e-02,-7.034275287520942443e-01
4.259999999999998010e+00,7.435102613495840618e-02,-7.111564174360358592e-01
4.320000000000000284e+00,7.539822368615503589e-02,-7.187863743828200036e-01
4.379999999999995453e+00,7.644542123735155459e-02,-7.263166524665246593e-01
4.439999999999997726e+00,7.749261878854819818e-02,-7.337465654675968674e-01
4.500000000000000000e+00,7.853981633974482790e-02,-7.410754885558744620e-01
4.560000000000002274e+00,7.958701389094147149e-02,-7.483028586381991198e-01
4.619999999999997442e+00,8.063421144213797631e-02,-7.554281745721188601e-01
4.679999999999999716e+00,8.168140899333461991e-02,-7.624509972477063746e-01
4.740000000000001990e+00,8.272860654453124962e-02,-7.693709495399778664e-01
4.799999999999997158e+00,8.377580409572776832e-02,-7.761877161348726961e-01
4.859999999999999432e+00,8.482300164692441191e-02,-7.829010432321547031e-01
4.920000000000001705e+00,8.587019919812104163e-02,-7.895107381289822035e-01
4.979999999999996874e+00,8.691739674931756032e-02,-7.960166686882809151e-01
5.039999999999999147e+00,8.796459430051419004e-02,-8.024187626963399378e-01
5.100000000000001421e+00,8.901179185171083363e-02,-8.087170071143611194e-01
5.159999999999996589e+00,9.005898940290733845e-02,-8.149114472289474831e-01
5.219999999999998863e+00,9.110618695410398205e-02,-8.210021857067345552e-01
5.280000000000001137e+00,9.215338450530062564e-02,-8.269893815585434016e-01
5.339999999999996305e+00,9.320058205649713046e-02,-8.328732490186111503e-01
5.399999999999998579e+00,9.424777960769377405e-02,-8.386540563445572527e-01
5.460000000000000853e+00,9.529497715889040377e-02,-8.443321245438275557e-01
5.519999999999996021e+00,9.634217471008692246e-02,-8.499078260324379741e-01
5.579999999999998295e+00,9.738937226128355218e-02,-8.553815832318422130e-01
5.640000000000000568e+00,9.843656981248019577e-02,-8.607538671097541005e-01
5.699999999999995737e+00,9.948376736367671447e-02,-8.660251956707344378e-01
5.759999999999998010e+00,1.005309649148733442e-01,-8.711961324022881037e-01
5.820000000000000284e+00,1.015781624660699878e-01,-8.762672846821336625e-01
5.879999999999995453e+00,1.026253600172664926e-01,-8.812393021522253456e-01
5.939999999999997726e+00,1.036725575684631362e-01,-8.861128750649717167e-01
6.000000000000000000e+00,1.047197551196597798e-01,-8.908887326069488966e-01
6.059999999999995168e+00,1.057669526708562846e-01,-8.955676412052763213e-01
6.119999999999997442e+00,1.068141502220529282e-01,-9.001504028216241737e-01
6.179999999999999716e+00,1.078613477732495579e-01,-9.046378532386457616e-01
6.240000000000001990e+00,1.089085453244462015e-01,-9.090308603434429369e-01
6.299999999999997158e+00,1.099557428756427063e-01,-9.133303224124521558e-01
6.359999999999999432e+00,1.110029404268393499e-01,-9.175371664019323914e-01
6.420000000000001705e+00,1.120501379780359935e-01,-9.216523462480131768e-01
6.479999999999996874e+00,1.130973355292324983e-01,-9.256768411800436747e-01
6.539999999999999147e+00,1.141445330804291419e-01,-9.296116540507495252e-01
6.600000000000001421e+00,1.151917306316257716e-01,-9.334578096864661889e-01
6.659999999999996589e+00,1.162389281828222903e-01,-9.372163532605142233e-01
6.719999999999998863e+00,1.172861257340189201e-01,-9.408883486925221362e-01
6.780000000000001137e+00,1.183333232852155636e-01,-9.444748770762894097e-01
6.839999999999996305e+00,1.193805208364120823e-01,-9.479770351385622407e-01
6.899999999999998579e+00,1.204277183876087121e-01,-9.513959337308642850e-01
6.960000000000000853e+00,1.214749159388053557e-01,-9.547326963563066426e-01
7.019999999999996021e+00,1.225221134900018605e-01,-9.579884577331047035e-01
7.079999999999998295e+00,1.235693110411985041e-01,-9.611643623963098682e-01
7.140000000000000568e+00,1.246165085923951338e-01,-9.642615633390705376e-01
7.199999999999995737e+00,1.256637061435916525e-01,-9.672812206945540225e-01
7.259999999999998010e+00,1.267109036947882961e-01,-9.702245004594645117e-01
7.320000000000000284e+00,1.277581012459849397e-01,-9.730925732599265965e-01
7.379999999999995453e+00,1.288052987971814445e-01,-9.758866131603345373e-01
7.439999999999997726e+00,1.298524963483780881e-01,-9.786077965156095848e-01
7.500000000000000000e+00,1.308996938995747039e-01,-9.812573008671507946e-01
7.559999999999995168e+00,1.319468914507712365e-01,-9.838363038826375417e-01
7.619999999999997442e+00,1.329940890019678801e-01,-9.863459823396968362e-01
7.679999999999999716e+00,1.340412865531644959e-01,-9.887875111533261929e-01
7.740000000000001990e+00,1.350884841043611395e-01,-9.911620624468578944e-01
7.799999999999997158e+00,1.361356816555576443e-01,-9.934708046661272496e-01
7.859999999999999432e+00,1.371828792067542879e-01,-9.957149017364261834e-01
7.920000000000001705e+00,1.382300767579509315e-01,-9.978955122617144680e-01
7.979999999999996874e+00,1.392772743091474363e-01,-1.000013788765497402e+00
8.039999999999999147e+00,1.403244718603440799e-01,-1.002070876972691371e+00
8.100000000000001421e+00,1.413716694115407235e-01,-1.004067915131729549e+00
8.159999999999996589e+00,1.424188669627372283e-01,-1.006006033376114495e+00
8.219999999999998863e+00,1.434660645139338719e-01,-1.007886353124552326e+00
8.280000000000001137e+00,1.445132620651305155e-01,-1.009709986518769531e+00
8.339999999999996305e+00,1.455604596163270203e-01,-1.011478035898067285e+00
8.399999999999998579e+00,1.466076571675236639e-01,-1.013191593309635818e+00
8.460000000000000853e+00,1.476548547187203075e-01,-1.014851740053615670e+00
8.519999999999996021e+00,1.487020522699168124e-01,-1.016459546261881508e+00
8.579999999999998295e+00,1.497492498211134559e-01,-1.018016070509492499e+00
8.640000000000000568e+00,1.507964473723100718e-01,-1.019522359457744498e+00
8.699999999999995737e+00,1.518436449235066044e-01,-1.020979447527752715e+00
8.759999999999998010e+00,1.528908424747032202e-01,-1.022388356603480819e+00
8.820000000000000284e+00,1.539380400258998638e-01,-1.023750095763134027e+00
8.879999999999995453e+00,1.549852375770963964e-01,-1.025065661037837028e+00
8.939999999999997726e+00,1.560324351282930122e-01,-1.026336035196519836e+00
9.000000000000000000e+00,1.570796326794896558e-01,-1.027562187555938200e+00
9.059999999999995168e+00,1.581268302306861606e-01,-1.028745073814775868e+00
9.119999999999997442e+00,1.591740277818828042e-01,-1.029885635910777530e+00
9.179999999999999716e+00,1.602212253330794478e-01,-1.030984801899881287e+00
9.240000000000001990e+00,1.612684228842760914e-01,-1.032043485856338982e+00
9.299999999999997158e+00,1.623156204354725962e-01,-1.033062587792821674e+00
9.359999999999999432e+00,1.633628179866692398e-01,-1.034042993599540772e+00
9.420000000000001705e+00,1.644100155378658834e-01,-1.034985575001420077e+00
9.479999999999996874e+00,1.654572130890623882e-01,-1.035891189532395451e+00
9.539999999999999147e+00,1.665044106402590318e-01,-1.036760680525923961e+00
9.600000000000001421e+00,1.675516081914556477e-01,-1.037594877120821657e+00
9.659999999999996589e+00,1.685988057426521802e-01,-1.038394594281565775e+00
9.719999999999998863e+00,1.696460032938488238e-01,-1.039160632832229370e+00
9.780000000000001137e+00,1.706932008450454397e-01,-1.039893779503233917e+00
9.839999999999996305e+00,1.717403983962419722e-01,-1.040594806990140064e+00
9.899999999999998579e+00,1.727875959474385881e-01,-1.041264474023716025e+00
9.960000000000000853e+00,1.738347934986352317e-01,-1.041903525450554424e+00
1.001999999999999602e+01,1.748819910498317642e-01,-1.042512692323529055e+00
1.007999999999999829e+01,1.759291886010283801e-01,-1.043092692001417410e+00
1.014000000000000057e+01,1.769763861522250237e-01,-1.043644228257029738e+00
1.019999999999999574e+01,1.780235837034215285e-01,-1.044167991393223138e+00
1.025999999999999801e+01,1.790707812546181721e-01,-1.044664658366194043e+00
1.032000000000000028e+01,1.801179788058148157e-01,-1.045134892915474678e+00
1.037999999999999545e+01,1.811651763570113205e-01,-1.045579345700079710e+00
1.043999999999999773e+01,1.822123739082079641e-01,-1.045998654440276621e+00
1.050000000000000000e+01,1.832595714594046077e-01,-1.046393444064471989e+00
1.055999999999999517e+01,1.843067690106011125e-01,-1.046764326860736061e+00
1.061999999999999744e+01,1.853539665617977561e-01,-1.047111902632505753e+00
1.067999999999999972e+01,1.864011641129943997e-01,-1.047436758858025119e+00
1.074000000000000199e+01,1.874483616641910155e-01,-1.047739470853115806e+00
1.079999999999999716e+01,1.884955592153875481e-01,-1.048020601936876739e+00
1.085999999999999943e+01,1.895427567665841917e-01,-1.048280703599940633e+00
1.092000000000000171e+01,1.905899543177808075e-01,-1.048520315674933645e+00
1.097999999999999687e+01,1.916371518689773401e-01,-1.048739966508802191e+00
1.103999999999999915e+01,1.926843494201739559e-01,-1.048940173136688969e+00
1.110000000000000142e+01,1.937315469713705995e-01,-1.049121441457058879e+00
1.115999999999999659e+01,1.947787445225671044e-01,-1.049284266407793043e+00
1.121999999999999886e+01,1.958259420737637480e-01,-1.049429132142984278e+00
1.128000000000000114e+01,1.968731396249603915e-01,-1.049556512210185089e+00
1.133999999999999631e+01,1.979203371761568964e-01,-1.049666869727870155e+00
1.139999999999999858e+01,1.989675347273535400e-01,-1.049760657562897714e+00
1.146000000000000085e+01,2.000147322785501836e-01,-1.049838318507759549e+00
1.151999999999999602e+01,2.010619298297466884e-01,-1.049900285457428861e+00
1.157999999999999829e+01,2.021091273809433320e-01,-1.049946981585626160e+00
1.164000000000000057e+01,2.031563249321399756e-01,-1.049978820520335088e+00
1.169999999999999574e+01,2.042035224833364804e-01,-1.049996206518411412e+00
1.175999999999999801e+01,2.052507200345331240e-01,-1.049999534639143084e+00
1.182000000000000028e+01,2.062979175857297676e-01,-1.049989190916626125e+00
1.187999999999999545e+01,2.073451151369262724e-01,-1.049965552530832236e+00
1.193999999999999773e+01,2.083923126881229160e-01,-1.049928987977255535e+00
1.200000000000000000e+01,2.094395102393195596e-01,-1.049879857235032965e+00
1.205999999999999517e+01,2.104867077905160644e-01,-1.049818511933443776e+00
1.211999999999999744e+01,2.115339053417127080e-01,-1.049745295516698373e+00
1.217999999999999972e+01,2.125811028929093238e-01,-1.049660543406940816e+00
1.223999999999999488e+01,2.136283004441058564e-01,-1.049564583165389031e+00
1.229999999999999716e+01,2.146754979953024722e-01,-1.049457734651549456e+00
1.235999999999999943e+01,2.157226955464991158e-01,-1.049340310180452152e+00
1.242000000000000171e+01,2.167698930976957594e-01,-1.049212614677844657e+00
1.247999999999999687e+01,2.178170906488922642e-01,-1.049074945833311290e+00
1.253999999999999915e+01,2.188642882000889078e-01,-1.048927594251267914e+00
1.260000000000000142e+01,2.199114857512855514e-01,-1.048770843599803104e+00
1.265999999999999659e+01,2.209586833024820562e-01,-1.048604970757333499e+00
1.271999999999999886e+01,2.220058808536786998e-01,-1.048430245957050477e+00
1.278000000000000114e+01,2.230530784048753434e-01,-1.048246932929135733e+00
1.283999999999999631e+01,2.241002759560718482e-01,-1.048055289040731086e+00
1.289999999999999858e+01,2.251474735072684918e-01,-1.047855565433648550e+00
1.296000000000000085e+01,2.261946710584651354e-01,-1.047648007159814210e+00
1.301999999999999602e+01,2.272418686096616403e-01,-1.047432853314439249e+00
1.307999999999999829e+01,2.282890661608582838e-01,-1.047210337166914140e+00
1.314000000000000057e+01,2.293362637120548997e-01,-1.046980686289433304e+00
1.319999999999999574e+01,2.303834612632514323e-01,-1.046744122683345601e+00
1.325999999999999801e+01,2.314306588144480759e-01,-1.046500862903242401e+00
1.332000000000000028e+01,2.324778563656446917e-01,-1.046251118178792350e+00
1.337999999999999545e+01,2.335250539168412243e-01,-1.045995094534328596e+00
1.343999999999999773e+01,2.345722514680378401e-01,-1.045732992906207803e+00
1.350000000000000000e+01,2.356194490192344837e-01,-1.045465009257950273e+00
1.355999999999999517e+01,2.366666465704309885e-01,-1.045191334693182705e+00
1.361999999999999744e+01,2.377138441216276321e-01,-1.044912155566395384e+00
1.367999999999999972e+01,2.387610416728242757e-01,-1.044627653591541971e+00
1.373999999999999488e+01,2.398082392240207805e-01,-1.044338005948493908e+00
1.379999999999999716e+01,2.408554367752174241e-01,-1.044043385387377620e+00
1.385999999999999943e+01,2.419026343264140677e-01,-1.043743960330816067e+00
1.392000000000000171e+01,2.429498318776107113e-01,-1.043439894974097504e+00
1.397999999999999687e+01,2.439970294288072161e-01,-1.043131349383299211e+00
1.403999999999999915e+01,2.450442269800038597e-01,-1.042818479591387515e+00
1.410000000000000142e+01,2.460914245312005033e-01,-1.042501437692328503e+00
1.415999999999999659e+01,2.471386220823970081e-01,-1.042180371933226546e+00
1.421999999999999886e+01,2.481858196335936517e-01,-1.041855426804527252e+00
1.428000000000000114e+01,2.492330171847902676e-01,-1.041526743128309285e+00
1.433999999999999631e+01,2.502802147359867724e-01,-1.041194458144691248e+00
1.439999999999999858e+01,2.513274122871834160e-01,-1.040858705596387157e+00
1.446000000000000085e+01,2.523746098383800596e-01,-1.040519615811437593e+00
1.451999999999999602e+01,2.534218073895765921e-01,-1.040177315784145851e+00
1.457999999999999829e+01,2.544690049407732357e-01,-1.039831929254246612e+00
1.464000000000000057e+01,2.555162024919698793e-01,-1.039483576784342445e+00
1.469999999999999574e+01,2.565634000431663564e-01,-1.039132375835631450e+00
1.475999999999999801e+01,2.576105975943630000e-01,-1.038778440841960027e+00
1.482000000000000028e+01,2.586577951455596436e-01,-1.038421883282227620e+00
1.487999999999999545e+01,2.597049926967561762e-01,-1.038062811751176540e+00
1.493999999999999773e+01,2.607521902479528197e-01,-1.037701332028591494e+00
1.500000000000000000e+01,2.617993877991494078e-01,-1.037337547146944150e+00
1.505999999999999517e+01,2.628465853503459404e-01,-1.036971557457506465e+00
1.511999999999999744e+01,2.638937829015425840e-01,-1.036603460694964784e+00
1.517999999999999972e+01,2.649409804527392276e-01,-1.036233352040563549e+00
1.523999999999999488e+01,2.659881780039357602e-01,-1.035861324183806609e+00
1.529999999999999716e+01,2.670353755551323482e-01,-1.035487467382743221e+00
1.535999999999999943e+01,2.680825731063289918e-01,-1.035111869522870265e+00
1.542000000000000171e+01,2.691297706575256354e-01,-1.034734616174675548e+00
1.547999999999999687e+01,2.701769682087221680e-01,-1.034355790649848617e+00
1.553999999999999915e+01,2.712241657599188116e-01,-1.033975474056192168e+00
1.560000000000000142e+01,2.722713633111154552e-01,-1.033593745351252480e+00
1.565999999999999659e+01,2.733185608623119323e-01,-1.033210681394703512e+00
1.571999999999999886e+01,2.743657584135085759e-01,-1.032826356999504869e+00
1.578000000000000114e+01,2.754129559647052194e-01,-1.032440844981863171e+00
1.583999999999999631e+01,2.764601535159017520e-01,-1.032054216210018804e+00
1.589999999999999858e+01,2.775073510670983956e-01,-1.031666539651887593e+00
1.596000000000000085e+01,2.785545486182949837e-01,-1.031277882421578029e+00
1.601999999999999602e+01,2.796017461694915163e-01,-1.030888309824810278e+00
1.607999999999999829e+01,2.806489437206881599e-01,-1.030497885403260483e+00
1.614000000000000057e+01,2.816961412718848035e-01,-1.030106670977853911e+00
1.619999999999999574e+01,2.827433388230813360e-01,-1.029714726691031146e+00
1.625999999999999801e+01,2.837905363742779241e-01,-1.029322111048007082e+00
1.632000000000000028e+01,2.848377339254745677e-01,-1.028928880957048708e+00
1.637999999999999545e+01,2.858849314766711003e-01,-1.028535091768790988e+00
1.643999999999999773e+01,2.869321290278677439e-01,-1.028140797314613719e+00
1.650000000000000000e+01,2.879793265790643875e-01,-1.027746049944100903e+00
1.655999999999999517e+01,2.890265241302608645e-01,-1.027350900561601055e+00
1.661999999999999744e+01,2.900737216814575081e-01,-1.026955398661911767e+00
1.667999999999999972e+01,2.911209192326541517e-01,-1.026559592365106965e+00
1.673999999999999488e+01,2.921681167838506843e-01,-1.026163528450526607e+00
1.679999999999999716e+01,2.932153143350473279e-01,-1.025767252389947926e+00
1.685999999999999943e+01,2.942625118862439715e-01,-1.025370808379957754e+00
1.692000000000000171e+01,2.953097094374406151e-01,-1.024974239373543927e+00
1.697999999999999687e+01,2.963569069886370921e-01,-1.024577587110924171e+00
1.703999999999999915e+01,2.974041045398337357e-01,-1.024180892149628708e+00
1.710000000000000142e+01,2.984513020910303793e-01,-1.023784193893857442e+00
1.715999999999999659e+01,2.994984996422269119e-01,-1.023387530623124597e+00
1.721999999999999886e+01,3.005456971934235555e-01,-1.022990939520209031e+00
1.728000000000000114e+01,3.015928947446201436e-01,-1.022594456698430188e+00
1.733999999999999631e+01,3.026400922958166761e-01,-1.022198117228257930e+00
1.739999999999999858e+01,3.036872898470133197e-01,-1.021801955163279763e+00
1.746000000000000085e+01,3.047344873982099633e-01,-1.021406003565535681e+00
1.751999999999999602e+01,3.057816849494064404e-01,-1.021010294530236617e+00
1.757999999999999829e+01,3.068288825006030840e-01,-1.020614859209884040e+00
1.764000000000000057e+01,3.078760800517997276e-01,-1.020219727837799795e+00
1.769999999999999574e+01,3.089232776029962602e-01,-1.019824929751085296e+00
1.775999999999999801e+01,3.099704751541929038e-01,-1.019430493413020278e+00
1.782000000000000028e+01,3.110176727053895473e-01,-1.019036446434915977e+00
1.787999999999999545e+01,3.120648702565860244e-01,-1.018642815597436302e+00
1.793999999999999773e+01,3.131120678077826680e-01,-1.018249626871397640e+00
1.800000000000000000e+01,3.141592653589793116e-01,-1.017856905438062398e+00
1.805999999999999517e+01,3.152064629101758442e-01,-1.017464675708936728e+00
1.811999999999999744e+01,3.162536604613724878e-01,-1.017072961345085069e+00
1.817999999999999972e+01,3.173008580125691314e-01,-1.016681785275973304e+00
1.823999999999999488e+01,3.183480555637656084e-01,-1.016291169717850718e+00
1.829999999999999716e+01,3.193952531149622520e-01,-1.015901136191683873e+00
1.835999999999999943e+01,3.204424506661588956e-01,-1.015511705540652398e+00
1.842000000000000171e+01,3.214896482173555392e-01,-1.015122897947215330e+00
1.847999999999999687e+01,3.225368457685520718e-01,-1.014734732949762464e+00
1.853999999999999915e+01,3.235840433197486599e-01,-1.014347229458856470e+00
1.860000000000000142e+01,3.246312408709453035e-01,-1.013960405773079776e+00
1.865999999999999659e+01,3.256784384221418360e-01,-1.013574279594492644e+00
1.871999999999999886e+01,3.267256359733384796e-01,-1.013188868043712443e+00
1.878000000000000114e+01,3.277728335245351232e-01,-1.012804187674626100e+00
1.883999999999999631e+01,3.288200310757316003e-01,-1.012420254488740401e+00
1.889999999999999858e+01,3.298672286269282439e-01,-1.012037083949181904e+00
1.896000000000000085e+01,3.309144261781248875e-01,-1.011654690994355565e+00
1.901999999999999602e+01,3.319616237293214200e-01,-1.011273090051266310e+00
1.907999999999999829e+01,3.330088212805180636e-01,-1.010892295048516853e+00
1.914000000000000057e+01,3.340560188317147072e-01,-1.010512319428986672e+00
1.919999999999999574e+01,3.351032163829111843e-01,-1.010133176162200552e+00
1.925999999999999801e+01,3.361504139341078279e-01,-1.009754877756394054e+00
1.932000000000000028e+01,3.371976114853044715e-01,-1.009377436270284090e+00
1.937999999999999545e+01,3.382448090365010041e-01,-1.009000863324551300e+00
1.943999999999999773e+01,3.392920065876976476e-01,-1.008625170113041092e+00
1.950000000000000000e+01,3.403392041388942357e-01,-1.008250367413691340e+00
1.955999999999999517e+01,3.413864016900907683e-01,-1.007876465599190308e+00
1.961999999999999744e+01,3.424335992412874119e-01,-1.007503474647377439e+00
1.967999999999999972e+01,3.434807967924840555e-01,-1.007131404151385246e+00
1.973999999999999488e+01,3.445279943436805881e-01,-1.006760263329536942e+00
1.979999999999999716e+01,3.455751918948771761e-01,-1.006390061034998062e+00
1.985999999999999943e+01,3.466223894460738197e-01,-1.006020805765195814e+00
1.992000000000000171e+01,3.476695869972704633e-01,-1.005652505671003727e+00
1.997999999999999687e+01,3.487167845484669959e-01,-1.005285168565705378e+00
2.003999999999999915e+01,3.497639820996636395e-01,-1.004918801933735173e+00
2.010000000000000142e+01,3.508111796508602831e-01,-1.004553412939208856e+00
2.015999999999999659e+01,3.518583772020567602e-01,-1.004189008434241748e+00
2.021999999999999886e+01,3.529055747532534038e-01,-1.003825594967065360e+00
2.028000000000000114e+01,3.539527723044500473e-01,-1.003463178789946397e+00
2.033999999999999631e+01,3.549999698556465799e-01,-1.003101765866909245e+00
2.039999999999999858e+01,3.560471674068432235e-01,-1.002741361881270610e+00
2.046000000000000085e+01,3.570943649580398671e-01,-1.002381972242992081e+00
2.051999999999999602e+01,3.581415625092363442e-01,-1.002023602095848620e+00
2.057999999999999829e+01,3.591887600604329878e-01,-1.001666256324424964e+00
2.064000000000000057e+01,3.602359576116296314e-01,-1.001309939560940165e+00
2.069999999999999574e+01,3.612831551628261639e-01,-1.000954656191903380e+00
2.075999999999999801e+01,3.623303527140227520e-01,-1.000600410364609782e+00
2.082000000000000028e+01,3.633775502652193956e-01,-1.000247205993474608e+00
2.087999999999999545e+01,3.644247478164159282e-01,-9.998950467662144348e-01
2.093999999999999773e+01,3.654719453676125718e-01,-9.995439361498762443e-01
2.100000000000000000e+01,3.665191429188092154e-01,-9.991938773967189436e-01
2.105999999999999517e+01,3.675663404700056924e-01,-9.988448735499516618e-01
2.111999999999999744e+01,3.686135380212023360e-01,-9.984969274493306068e-01
2.117999999999999972e+01,3.696607355723989796e-01,-9.981500417366200306e-01
2.123999999999999488e+01,3.707079331235955122e-01,-9.978042188609189678e-01
2.129999999999999716e+01,3.717551306747921558e-01,-9.974594610838583009e-01
2.135999999999999943e+01,3.728023282259887994e-01,-9.971157704846690395e-01
2.141999999999999460e+01,3.738495257771852764e-01,-9.967731489651290300e-01
2.147999999999999687e+01,3.748967233283819200e-01,-9.964315982543867634e-01
2.153999999999999915e+01,3.759439208795785636e-01,-9.960911199136674998e-01
2.160000000000000142e+01,3.769911184307752072e-01,-9.957517153408649291e-01
2.165999999999999659e+01,3.780383159819717398e-01,-9.954133857750190328e-01
2.171999999999999886e+01,3.790855135331683834e-01,-9.950761323006865888e-01
2.178000000000000114e+01,3.801327110843649715e-01,-9.947399558522014296e-01
2.183999999999999631e+01,3.811799086355615040e-01,-9.944048572178343370e-01
2.189999999999999858e+01,3.822271061867581476e-01,-9.940708370438471331e-01
2.196000000000000085e+01,3.832743037379547912e-01,-9.937378958384507355e-01
2.201999999999999602e+01,3.843215012891513238e-01,-9.934060339756639602e-01
2.207999999999999829e+01,3.853686988403479119e-01,-9.930752516990787315e-01
2.214000000000000057e+01,3.864158963915445555e-01,-9.927455491255334774e-01
2.219999999999999574e+01,3.874630939427410881e-01,-9.924169262486958187e-01
2.225999999999999801e+01,3.885102914939377317e-01,-9.920893829425566635e-01
2.232000000000000028e+01,3.895574890451343752e-01,-9.917629189648413668e-01
2.237999999999999545e+01,3.906046865963308523e-01,-9.914375339603332948e-01
2.243999999999999773e+01,3.916518841475274959e-01,-9.911132274641192286e-01
2.250000000000000000e+01,3.926990816987241395e-01,-9.907899989047536105e-01
2.255999999999999517e+01,3.937462792499206721e-01,-9.904678476073451865e-01
2.261999999999999744e+01,3.947934768011173157e-01,-9.901467727965679311e-01
2.267999999999999972e+01,3.958406743523139593e-01,-9.898267735995978089e-01
2.273999999999999488e+01,3.968878719035104363e-01,-9.895078490489787049e-01
2.279999999999999716e+01,3.979350694547070799e-01,-9.891899980854155228e-01
2.285999999999999943e+01,3.989822670059037235e-01,-9.888732195605002273e-01
2.291999999999999460e+01,4.000294645571002561e-01,-9.885575122393711611e-01
2.297999999999999687e+01,4.010766621082968997e-01,-9.882428748033051935e-01
2.303999999999999915e+01,4.021238596594934878e-01,-9.879293058522480298e-01
2.310000000000000142e+01,4.031710572106901314e-01,-9.876168039072807936e-01
2.315999999999999659e+01,4.042182547618866639e-01,-9.873053674130254365e-01
2.321999999999999886e+01,4.052654523130833075e-01,-9.869949947399931922e-01
2.328000000000000114e+01,4.063126498642799511e-01,-9.866856841868724137e-01
2.333999999999999631e+01,4.073598474154764282e-01,-9.863774339827612314e-01
2.339999999999999858e+01,4.084070449666730718e-01,-9.860702422893448116e-01
2.346000000000000085e+01,4.094542425178697154e-01,-9.857641072030189910e-01
2.351999999999999602e+01,4.105014400690662479e-01,-9.854590267569613982e-01
2.357999999999999829e+01,4.115486376202628915e-01,-9.851549989231505045e-01
2.364000000000000057e+01,4.125958351714595351e-01,-9.848520216143357153e-01
2.369999999999999574e+01,4.136430327226560122e-01,-9.845500926859582780e-01
2.375999999999999801e+01,4.146902302738526558e-01,-9.842492099380240056e-01
2.382000000000000028e+01,4.157374278250492994e-01,-9.839493711169305934e-01
2.387999999999999545e+01,4.167846253762458320e-01,-9.836505739172484164e-01
2.393999999999999773e+01,4.178318229274424755e-01,-9.833528159834576954e-01
2.400000000000000000e+01,4.188790204786391191e-01,-9.830560949116425862e-01
2.405999999999999517e+01,4.199262180298355962e-01,-9.827604082511417483e-01
2.411999999999999744e+01,4.209734155810322398e-01,-9.824657535061604996e-01
2.417999999999999972e+01,4.220206131322288834e-01,-9.821721281373388956e-01
2.423999999999999488e+01,4.230678106834254160e-01,-9.818795295632846143e-01
2.429999999999999716e+01,4.241150082346220040e-01,-9.815879551620645405e-01
2.435999999999999943e+01,4.251622057858186476e-01,-9.812974022726607126e-01
2.441999999999999460e+01,4.262094033370151802e-01,-9.810078681963885217e-01
2.447999999999999687e+01,4.272566008882118238e-01,-9.807193501982802708e-01
2.453999999999999915e+01,4.283037984394084674e-01,-9.804318455084343187e-01
2.460000000000000142e+01,4.293509959906051110e-01,-9.801453513233289172e-01
2.465999999999999659e+01,4.303981935418015881e-01,-9.798598648071036310e-01
2.471999999999999886e+01,4.314453910929982317e-01,-9.795753830928093375e-01
2.478000000000000114e+01,4.324925886441948752e-01,-9.792919032836248094e-01
2.483999999999999631e+01,4.335397861953914078e-01,-9.790094224540447643e-01
2.489999999999999858e+01,4.345869837465880514e-01,-9.787279376510357176e-01
2.496000000000000085e+01,4.356341812977846950e-01,-9.784474458951637477e-01
2.501999999999999602e+01,4.366813788489811721e-01,-9.781679441816938381e-01
2.507999999999999829e+01,4.377285764001778157e-01,-9.778894294816601329e-01
2.514000000000000057e+01,4.387757739513744593e-01,-9.776118987429101015e-01
2.519999999999999574e+01,4.398229715025709918e-01,-9.773353488911210585e-01
2.525999999999999801e+01,4.408701690537676354e-01,-9.770597768307913711e-01
2.532000000000000028e+01,4.419173666049642235e-01,-9.767851794462067971e-01
2.537999999999999545e+01,4.429645641561607561e-01,-9.765115536023802889e-01
2.543999999999999773e+01,4.440117617073573997e-01,-9.762388961459693704e-01
2.550000000000000000e+01,4.450589592585540433e-01,-9.759672039061694226e-01
2.555999999999999517e+01,4.461061568097505203e-01,-9.756964736955829887e-01
2.561999999999999744e+01,4.471533543609471639e-01,-9.754267023110683166e-01
2.567999999999999972e+01,4.482005519121438075e-01,-9.751578865345644775e-01
2.573999999999999488e+01,4.492477494633403401e-01,-9.748900231338957223e-01
2.579999999999999716e+01,4.502949470145369837e-01,-9.746231088635550766e-01
2.585999999999999943e+01,4.513421445657336273e-01,-9.743571404654666201e-01
2.591999999999999460e+01,4.523893421169301043e-01,-9.740921146697292254e-01
2.597999999999999687e+01,4.534365396681267479e-01,-9.738280281953396456e-01
2.603999999999999915e+01,4.544837372193233915e-01,-9.735648777508971730e-01
2.610000000000000142e+01,4.555309347705200351e-01,-9.733026600352895352e-01
2.615999999999999659e+01,4.565781323217165677e-01,-9.730413717383612493e-01
2.621999999999999886e+01,4.576253298729132113e-01,-9.727810095415635461e-01
2.628000000000000114e+01,4.586725274241097994e-01,-9.725215701185873085e-01
2.633999999999999631e+01,4.597197249753063319e-01,-9.722630501359791344e-01
2.639999999999999858e+01,4.607669225265029755e-01,-9.720054462537415230e-01
2.646000000000000085e+01,4.618141200776996191e-01,-9.717487551259166301e-01
2.651999999999999602e+01,4.628613176288961517e-01,-9.714929734011539253e-01
2.657999999999999829e+01,4.639085151800927398e-01,-9.712380977232631940e-01
2.664000000000000057e+01,4.649557127312893834e-01,-9.709841247317519963e-01
2.669999999999999574e+01,4.660029102824859160e-01,-9.707310510623500255e-01
2.675999999999999801e+01,4.670501078336825596e-01,-9.704788733475167017e-01
2.682000000000000028e+01,4.680973053848792031e-01,-9.702275882169382193e-01
2.687999999999999545e+01,4.691445029360756802e-01,-9.699771922980072736e-01
2.693999999999999773e+01,4.701917004872723238e-01,-9.697276822162926857e-01
2.700000000000000000e+01,4.712388980384689674e-01,-9.694790545959948158e-01
2.705999999999999517e+01,4.722860955896655000e-01,-9.692313060603882091e-01
2.711999999999999744e+01,4.733332931408621436e-01,-9.689844332322525844e-01
2.717999999999999972e+01,4.743804906920587872e-01,-9.687384327342913881e-01
2.723999999999999488e+01,4.754276882432552642e-01,-9.684933011895382471e-01
2.729999999999999716e+01,4.764748857944519078e-01,-9.682490352217532070e-01
2.735999999999999943e+01,4.775220833456485514e-01,-9.680056314558063146e-01
2.741999999999999460e+01,4.785692808968450840e-01,-9.677630865180520958e-01
2.747999999999999687e+01,4.796164784480417276e-01,-9.675213970366912664e-01
2.753999999999999915e+01,4.806636759992383157e-01,-9.672805596421234497e-01
2.759999999999999432e+01,4.817108735504348482e-01,-9.670405709672900141e-01
2.765999999999999659e+01,4.827580711016314918e-01,-9.668014276480056957e-01
2.771999999999999886e+01,4.838052686528281354e-01,-9.665631263232821180e-01
2.778000000000000114e+01,4.848524662040247790e-01,-9.663256636356403195e-01
2.783999999999999631e+01,4.858996637552212561e-01,-9.660890362314156210e-01
2.789999999999999858e+01,4.869468613064178997e-01,-9.658532407610521675e-01
2.796000000000000085e+01,4.879940588576145433e-01,-9.656182738793895881e-01
2.801999999999999602e+01,4.890412564088110758e-01,-9.653841322459412178e-01
2.807999999999999829e+01,4.900884539600077194e-01,-9.651508125251626602e-01
2.814000000000000057e+01,4.911356515112043630e-01,-9.649183113867145778e-01
2.819999999999999574e+01,4.921828490624008401e-01,-9.646866255057144901e-01
2.825999999999999801e+01,4.932300466135974837e-01,-9.644557515629833544e-01
2.832000000000000028e+01,4.942772441647941273e-01,-9.642256862452838195e-01
2.837999999999999545e+01,4.953244417159906599e-01,-9.639964262455503752e-01
2.843999999999999773e+01,4.963716392671873034e-01,-9.637679682631133948e-01
2.850000000000000000e+01,4.974188368183839470e-01,-9.635403090039152962e-01
2.855999999999999517e+01,4.984660343695804241e-01,-9.633134451807197074e-01
2.861999999999999744e+01,4.995132319207770677e-01,-9.630873735133155256e-01
2.867999999999999972e+01,5.005604294719736558e-01,-9.628620907287120945e-01
2.873999999999999488e+01,5.016076270231701884e-01,-9.626375935613301627e-01
2.879999999999999716e+01,5.026548245743668319e-01,-9.624138787531849593e-01
2.885999999999999943e+01,5.037020221255634755e-01,-9.621909430540643848e-01
2.891999999999999460e+01,5.047492196767600081e-01,-9.619687832217003187e-01
2.897999999999999687e+01,5.057964172279566517e-01,-9.617473960219351525e-01
2.903999999999999915e+01,5.068436147791532953e-01,-9.615267782288819953e-01
2.909999999999999432e+01,5.078908123303498279e-01,-9.613069266250793277e-01
2.915999999999999659e+01,5.089380098815464715e-01,-9.610878380016405487e-01
2.921999999999999886e+01,5.099852074327431151e-01,-9.608695091583984160e-01
2.928000000000000114e+01,5.110324049839397587e-01,-9.606519369040442680e-01
2.933999999999999631e+01,5.120796025351361802e-01,-9.604351180562621382e-01
2.939999999999999858e+01,5.131268000863328238e-01,-9.602190494418574307e-01
2.946000000000000085e+01,5.141739976375294674e-01,-9.600037278968828192e-01
2.951999999999999602e+01,5.152211951887260000e-01,-9.597891502667569297e-01
2.957999999999999829e+01,5.162683927399226436e-01,-9.595753134063806922e-01
2.964000000000000057e+01,5.173155902911192872e-01,-9.593622141802480296e-01
2.969999999999999574e+01,5.183627878423158197e-01,-9.591498494625522175e-01
2.975999999999999801e+01,5.194099853935124633e-01,-9.589382161372890234e-01
2.982000000000000028e+01,5.204571829447091069e-01,-9.587273110983554059e-01
2.987999999999999545e+01,5.215043804959056395e-01,-9.585171312496432172e-01
2.993999999999999773e+01,5.225515780471021721e-01,-9.583076735051307971e-01
3.000000000000000000e+01,5.235987755982988157e-01,-9.580989347889686814e-01
